CASE_NUMBER,CASE_STATUS,EMPLOYER_NAME,TRADE_NAME_DBA,EMPLOYER_CITY,EMPLOYER_STATE,EMPLOYER_POC_FIRST_NAME,EMPLOYER_POC_LAST_NAME,EMPLOYER_POC_EMAIL,EMPLOYER_PHONE,NAICS_CODE,SOC_TITLE,JOB_TITLE,TOTAL_WORKERS_NEEDED,BEGIN_DATE,ATTORNEY_AGENT_EMAIL
H-400-26265-258176,Determination Issued - Certification,"GREEN VALLEY LANDSCAPING, LLC",,AUSTIN,TX,MARIA,GONZALEZ,maria.gonzalez0@gmail.example.com,555-0193,561730,Landscaping and Groundskeeping Workers,Landscape Laborer,4,1/27/2026,filings@visaagent.example.com
H-400-26148-483452,Determination Issued - Partial Certification,"GREEN VALLEY LANDSCAPING, LLC",,AUSTIN,TX,MARIA,GONZALEZ,maria.gonzalez0@gmail.example.com,555-0117,561730,Landscaping and Groundskeeping Workers,Landscape Laborer,40,1/2/2026,filings@visaagent.example.com
H-400-26144-554710,Determination Issued - Certification,BLUE RIDGE LAWN & GARDEN INC,,ASHEVILLE,NC,JAMES,PARKER,james@blueridgelawngarde.example.com,555-0118,561730,Landscaping and Groundskeeping Workers,Lawn Care Technician,10,1/18/2026,filings@visaagent.example.com
H-400-26317-161981,Determination Issued - Partial Certification,SUNSHINE RESORT HOTEL CORP,SUNSHINE BEACH RESORT,DESTIN,FL,LINDA,NGUYEN,linda@sunshineresorthote.example.com,555-0125,721110,Maids and Housekeeping Cleaners,Housekeeper,10,10/21/2026,filings@visaagent.example.com
H-400-26131-705136,Determination Issued - Partial Certification,HARBOR SEAFOOD PROCESSORS INC,,HAMPTON,VA,ROBERT,JOHNSON,robert@harborseafoodproce.example.com,555-0160,311710,"Meat, Poultry, and Fish Cutters and Trimmers",Crab Picker,4,1/2/2026,filings@visaagent.example.com
H-400-26168-403677,Determination Issued - Certification,HARBOR SEAFOOD PROCESSORS INC,,HAMPTON,VA,ROBERT,JOHNSON,robert@harborseafoodproce.example.com,555-0128,311710,"Meat, Poultry, and Fish Cutters and Trimmers",Crab Picker,40,1/19/2026,filings@visaagent.example.com
H-300-26257-687472,Determination Issued - Partial Certification,MILLER FAMILY FARMS,,FRESNO,CA,DAVID,MILLER,david.miller4@gmail.example.com,555-0133,111219,"Farmworkers and Laborers, Crop, Nursery, and Greenhouse",Farmworker,6,10/19/2026,filings@visaagent.example.com
H-400-26196-490487,Determination Issued - Certification,ROCKY MOUNTAIN SKI LODGE LLC,,VAIL,CO,SARAH,THOMPSON,sarah@rockymountainskilo.example.com,555-0180,721110,"Cooks, Restaurant",Line Cook,6,10/2/2026,filings@visaagent.example.com
H-400-26205-620528,Determination Issued - Partial Certification,PRECISION CONCRETE & MASONRY,,NASHVILLE,TN,MIKE,O'BRIEN,mike@precisionconcretem.example.com,555-0178,238110,Construction Laborers,Concrete Laborer,20,4/15/2026,filings@visaagent.example.com
H-400-26332-479146,Determination Issued - Certification,PRECISION CONCRETE & MASONRY,,NASHVILLE,TN,MIKE,O'BRIEN,mike@precisionconcretem.example.com,555-0141,238110,Construction Laborers,Concrete Laborer,8,10/25/2026,filings@visaagent.example.com
H-400-26224-185831,Determination Issued - Partial Certification,NORTHWOODS FORESTRY SERVICES,,BANGOR,ME,PAUL,LEBLANC,paul@northwoodsforestry.example.com,555-0148,113310,Forest and Conservation Workers,Tree Planter,40,4/11/2026,filings@visaagent.example.com
H-400-26329-401924,Determination Issued - Partial Certification,LONE STAR TURF MANAGEMENT,,HOUSTON,TX,CARLOS,RAMIREZ,carlos.ramirez8@gmail.example.com,555-0119,561730,Landscaping and Groundskeeping Workers,Grounds Maintenance,6,10/14/2026,filings@visaagent.example.com
H-400-26184-893919,Determination Issued - Certification,BAYOU CRAWFISH CO,,LAFAYETTE,LA,JEAN,BOUDREAUX,jean@bayoucrawfishco.example.com,555-0129,311710,"Meat, Poultry, and Fish Cutters and Trimmers",Seafood Processor,25,4/2/2026,filings@visaagent.example.com
H-400-26139-901710,Determination Issued - Partial Certification,BAYOU CRAWFISH CO,,LAFAYETTE,LA,JEAN,BOUDREAUX,jean@bayoucrawfishco.example.com,555-0183,311710,"Meat, Poultry, and Fish Cutters and Trimmers",Seafood Processor,15,4/23/2026,filings@visaagent.example.com
H-400-26279-723241,Determination Issued - Certification,CAPE COD CLAMBAKE RESTAURANT,,HYANNIS,MA,KATE,SULLIVAN,kate@capecodclambakeres.example.com,555-0184,722511,Dishwashers,Dishwasher,25,1/27/2026,filings@visaagent.example.com
H-300-26147-383051,Determination Issued - Certification,HEARTLAND NURSERY LLC,,INDIANAPOLIS,IN,TOM,WAGNER,tom@heartlandnurseryll.example.com,555-0199,111421,"Farmworkers and Laborers, Crop, Nursery, and Greenhouse",Nursery Worker,6,1/24/2026,filings@visaagent.example.com
H-400-26258-778563,Determination Issued - Partial Certification,COASTAL AMUSEMENTS INC,,OCEAN CITY,MD,ANGELA,ROSSI,angela.rossi12@gmail.example.com,555-0197,713110,Amusement and Recreation Attendants,Ride Attendant,25,4/23/2026,filings@visaagent.example.com
H-400-26297-801133,Determination Issued - Certification,COASTAL AMUSEMENTS INC,,OCEAN CITY,MD,ANGELA,ROSSI,angela.rossi12@gmail.example.com,555-0112,713110,Amusement and Recreation Attendants,Ride Attendant,25,4/6/2026,filings@visaagent.example.com
H-400-26159-617674,Determination Issued - Certification,SUMMIT ROOFING & EXTERIORS,,DENVER,CO,JASON,KIM,jason@summitroofingexter.example.com,555-0137,238160,Roofers,Roofer Helper,12,1/24/2026,filings@visaagent.example.com
H-300-26226-517225,Determination Issued - Certification,VALLEY PACKING CO,,YAKIMA,WA,ELENA,TORRES,elena@valleypackingco.example.com,555-0173,115114,"Packers and Packagers, Hand",Fruit Packer,6,1/15/2026,filings@visaagent.example.com
H-400-26000-521154,Determination Issued - Certification,AGENT CLIENT 0 LANDSCAPE LLC,,DALLAS,TX,CASE,MANAGER,case0@laborvisas.example.com,555-0100,561730,Landscaping and Groundskeeping Workers,Laborer,10,4/1/2026,case@laborvisas.example.com
H-400-26001-676129,Determination Issued - Certification,AGENT CLIENT 1 LANDSCAPE LLC,,DALLAS,TX,CASE,MANAGER,case1@laborvisas.example.com,555-0100,561730,Landscaping and Groundskeeping Workers,Laborer,10,4/1/2026,case@laborvisas.example.com
H-400-26002-391335,Determination Issued - Certification,AGENT CLIENT 2 LANDSCAPE LLC,,DALLAS,TX,CASE,MANAGER,case2@laborvisas.example.com,555-0100,561730,Landscaping and Groundskeeping Workers,Laborer,10,4/1/2026,case@laborvisas.example.com
H-400-26003-243577,Determination Issued - Certification,AGENT CLIENT 3 LANDSCAPE LLC,,DALLAS,TX,CASE,MANAGER,case3@laborvisas.example.com,555-0100,561730,Landscaping and Groundskeeping Workers,Laborer,10,4/1/2026,case@laborvisas.example.com
H-400-26004-959077,Determination Issued - Certification,AGENT CLIENT 4 LANDSCAPE LLC,,DALLAS,TX,CASE,MANAGER,case4@laborvisas.example.com,555-0100,561730,Landscaping and Groundskeeping Workers,Laborer,10,4/1/2026,case@laborvisas.example.com
H-400-26005-551434,Determination Issued - Certification,AGENT CLIENT 5 LANDSCAPE LLC,,DALLAS,TX,CASE,MANAGER,case5@laborvisas.example.com,555-0100,561730,Landscaping and Groundskeeping Workers,Laborer,10,4/1/2026,case@laborvisas.example.com
H-400-26006-676947,Determination Issued - Certification,AGENT CLIENT 6 LANDSCAPE LLC,,DALLAS,TX,CASE,MANAGER,case6@laborvisas.example.com,555-0100,561730,Landscaping and Groundskeeping Workers,Laborer,10,4/1/2026,case@laborvisas.example.com
H-400-26007-391945,Determination Issued - Certification,AGENT CLIENT 7 LANDSCAPE LLC,,DALLAS,TX,CASE,MANAGER,case7@laborvisas.example.com,555-0100,561730,Landscaping and Groundskeeping Workers,Laborer,10,4/1/2026,case@laborvisas.example.com
H-400-26999-000001,Withdrawn,NO EMAIL CO,,RENO,NV,,,,,561730,Landscaping,Laborer,5,4/1/2026,
H-400-26999-000002,Determination Issued - Certification,BAD EMAIL CO,,RENO,NV,Al,Bad,not-an-email,,561730,Landscaping,Laborer,5,4/1/2026,
